productLine;OrderValue
Classic Cars;3853922.4899999965
Vintage Cars;1797559.6299999987
Motorcycles;1121426.1199999996
Trucks and Buses;1024113.57
Planes;954637.5400000002
Ships;663998.34
Trains;188532.92000000004
